Crop,District,Year,Season,Area(Hectare),Annual_Temp,Fertilizer(KG_per_hectare),ANNUAL_RAINFALL(Millimeters),Yield(Tonne/Hectare)
bajra,anantapur,2014,kharif,1752,30.5,115.13,575.0,0.59
cotton,anantapur,2014,kharif,73734,30.5,115.13,575.0,1.41
groundnut,anantapur,2014,kharif,550794,30.5,115.13,575.0,0.27
groundnut,anantapur,2014,kharif,122578,30.5,115.13,575.0,0.59
maize,anantapur,2014,kharif,16839,30.5,115.13,575.0,2.54
maize,anantapur,2014,kharif,2693,30.5,115.13,575.0,3.28
ragi,anantapur,2014,kharif,1136,30.5,115.13,575.0,1.51
rice,anantapur,2014,kharif,22658,30.5,115.13,575.0,3.01
turmeric,anantapur,2014,kharif,19,30.5,115.13,575.0,11.74
castor_seed,anantapur,2014,rabi,229,30.5,115.13,575.0,0.57
gram,anantapur,2014,rabi,68092,30.5,115.13,575.0,0.57
moong(green_gram),anantapur,2014,rabi,586,30.5,115.13,575.0,0.82
safflower,anantapur,2014,rabi,310,30.5,115.13,575.0,0.28
sunflower,anantapur,2014,rabi,3386,30.5,115.13,575.0,0.48
bajra,chittoor,2014,kharif,2071,26.5,196.19,709.0,2.23
cotton,chittoor,2014,kharif,308,26.5,196.19,709.0,2.35
groundnut,chittoor,2014,kharif,27,26.5,196.19,709.0,1.63
maize,chittoor,2014,kharif,755,26.5,196.19,709.0,3.31
ragi,chittoor,2014,kharif,4556,26.5,196.19,709.0,0.81
rice,chittoor,2014,kharif,13304,26.5,196.19,709.0,3.34
turmeric,chittoor,2014,kharif,17,26.5,196.19,709.0,11.71
gram,chittoor,2014,rabi,7,26.5,196.19,709.0,1.0
moong(green_gram),chittoor,2014,rabi,384,26.5,196.19,709.0,0.82
sunflower,chittoor,2014,rabi,1310,26.5,196.19,709.0,0.84
bajra,east_godavari,2014,kharif,58,27.5,440.27,719.0,1.29
cotton,east_godavari,2014,kharif,22433,27.5,440.27,719.0,2.12
groundnut,east_godavari,2014,kharif,804,27.5,440.27,719.0,1.61
maize,east_godavari,2014,kharif,367,27.5,440.27,719.0,3.31
ragi,east_godavari,2014,kharif,406,27.5,440.27,719.0,0.95
rice,east_godavari,2014,kharif,226072,27.5,440.27,719.0,3.02
turmeric,east_godavari,2014,kharif,160,27.5,440.27,719.0,7.19
gram,east_godavari,2014,rabi,97,27.5,440.27,719.0,1.93
moong(green_gram),east_godavari,2014,rabi,16204,27.5,440.27,719.0,0.36
sunflower,east_godavari,2014,rabi,379,27.5,440.27,719.0,0.96
bajra,guntur,2014,kharif,689,30.5,415.43,576.0,1.1
cotton,guntur,2014,kharif,206374,30.5,415.43,576.0,5.21
groundnut,guntur,2014,kharif,15754,30.5,415.43,576.0,0.44
maize,guntur,2014,kharif,408,30.5,415.43,576.0,3.27
rice,guntur,2014,kharif,255607,30.5,415.43,576.0,3.91
turmeric,guntur,2014,kharif,4854,30.5,415.43,576.0,8.0
castor_seed,guntur,2014,rabi,11,30.5,415.43,576.0,1.45
gram,guntur,2014,rabi,5945,30.5,415.43,576.0,2.3
moong(green_gram),guntur,2014,rabi,47589,30.5,415.43,576.0,1.29
sunflower,guntur,2014,rabi,86,30.5,415.43,576.0,0.97
bajra,kadapa,2014,kharif,1173,32.5,277.4,607.0,2.57
cotton,kadapa,2014,kharif,34346,32.5,277.4,607.0,1.68
groundnut,kadapa,2014,kharif,999,32.5,277.4,607.0,2.69
maize,kadapa,2014,kharif,4682,32.5,277.4,607.0,4.28
ragi,kadapa,2014,kharif,11,32.5,277.4,607.0,0.91
rice,kadapa,2014,kharif,42124,32.5,277.4,607.0,3.69
turmeric,kadapa,2014,kharif,3285,32.5,277.4,607.0,8.13
castor_seed,kadapa,2014,rabi,25,32.5,277.4,607.0,0.56
gram,kadapa,2014,rabi,68169,32.5,277.4,607.0,0.63
moong(green_gram),kadapa,2014,rabi,4935,32.5,277.4,607.0,0.82
safflower,kadapa,2014,rabi,300,32.5,277.4,607.0,0.31
sunflower,kadapa,2014,rabi,14902,32.5,277.4,607.0,0.71
cotton,krishna,2014,kharif,55571,29.12,435.53,724.0,4.71
groundnut,krishna,2014,kharif,94160,29.12,435.53,724.0,0.72
maize,krishna,2014,kharif,38554,29.12,435.53,724.0,3.6
rice,krishna,2014,kharif,235212,29.12,435.53,724.0,3.35
turmeric,krishna,2014,kharif,1887,29.12,435.53,724.0,11.97
castor_seed,krishna,2014,rabi,20,29.12,435.53,724.0,3.560212528
castor_seed,krishna,2014,rabi,366,29.12,435.53,724.0,0.57
gram,krishna,2014,rabi,769,29.12,435.53,724.0,1.93
moong(green_gram),krishna,2014,rabi,15572,29.12,435.53,724.0,0.79
sunflower,krishna,2014,rabi,15,29.12,435.53,724.0,0.93
bajra,kurnool,2014,kharif,5056,27.65,263.71,759.0,1.4
cotton,kurnool,2014,kharif,306058,27.65,263.71,759.0,2.65
groundnut,kurnool,2014,kharif,2376,27.65,263.71,759.0,1.61
maize,kurnool,2014,kharif,1183,27.65,263.71,759.0,3.63
rice,kurnool,2014,kharif,91569,27.65,263.71,759.0,3.95
turmeric,kurnool,2014,kharif,2037,27.65,263.71,759.0,17.53
gram,kurnool,2014,rabi,143877,27.65,263.71,759.0,1.32
moong(green_gram),kurnool,2014,rabi,1862,27.65,263.71,759.0,0.82
safflower,kurnool,2014,rabi,68,27.65,263.71,759.0,0.44
sunflower,kurnool,2014,rabi,8362,27.65,263.71,759.0,1.23
bajra,prakasam,2014,kharif,10611,27.21,266.6866133,929.8805333,1.03
cotton,prakasam,2014,kharif,71520,27.21,266.6866133,929.8805333,3.53
groundnut,prakasam,2014,kharif,4707,27.21,266.6866133,929.8805333,2.82
maize,prakasam,2014,kharif,132,27.21,266.6866133,929.8805333,3.31
ragi,prakasam,2014,kharif,24,27.21,266.6866133,929.8805333,0.96
rice,prakasam,2014,kharif,31764,27.21,266.6866133,929.8805333,3.83
turmeric,prakasam,2014,kharif,698,27.21,266.6866133,929.8805333,7.2
castor_seed,prakasam,2014,rabi,1064,27.21,266.6866133,929.8805333,0.44
gram,prakasam,2014,rabi,50750,27.21,266.6866133,929.8805333,1.89
moong(green_gram),prakasam,2014,rabi,2274,27.21,266.6866133,929.8805333,0.81
safflower,prakasam,2014,rabi,3,27.21,266.6866133,929.8805333,0.33
sunflower,prakasam,2014,rabi,8090,27.21,266.6866133,929.8805333,0.95
bajra,spsr_nellore,2014,kharif,622,30.5,343.32,916.0,2.67
cotton,spsr_nellore,2014,kharif,6615,30.5,343.32,916.0,3.09
groundnut,spsr_nellore,2014,kharif,3874,30.5,343.32,916.0,1.0
maize,spsr_nellore,2014,kharif,9103,30.5,343.32,916.0,3.99
ragi,spsr_nellore,2014,kharif,34,30.5,343.32,916.0,0.94
rice,spsr_nellore,2014,kharif,62232,30.5,343.32,916.0,3.74
turmeric,spsr_nellore,2014,kharif,174,30.5,343.32,916.0,7.2
gram,spsr_nellore,2014,rabi,3699,30.5,343.32,916.0,1.91
moong(green_gram),spsr_nellore,2014,rabi,11526,30.5,343.32,916.0,0.82
sunflower,spsr_nellore,2014,rabi,784,30.5,343.32,916.0,1.07
bajra,srikakulam,2014,kharif,196,29.5,183.22,803.0,2.66
cotton,srikakulam,2014,kharif,9563,29.5,183.22,803.0,4.4
groundnut,srikakulam,2014,kharif,1383,29.5,183.22,803.0,1.07
maize,srikakulam,2014,kharif,5894,29.5,183.22,803.0,1.56
ragi,srikakulam,2014,kharif,207,29.5,183.22,803.0,1.34
rice,srikakulam,2014,kharif,205485,29.5,183.22,803.0,2.12
turmeric,srikakulam,2014,kharif,214,29.5,183.22,803.0,7.2
gram,srikakulam,2014,rabi,1,29.5,183.22,803.0,2.0
moong(green_gram),srikakulam,2014,rabi,32712,29.5,183.22,803.0,0.53
sunflower,srikakulam,2014,rabi,1170,29.5,183.22,803.0,0.96
bajra,visakhapatanam,2014,kharif,2395,28.5,133.55,873.0,0.91
cotton,visakhapatanam,2014,kharif,2840,28.5,133.55,873.0,4.4
groundnut,visakhapatanam,2014,kharif,6189,28.5,133.55,873.0,1.03
maize,visakhapatanam,2014,kharif,16616,28.5,133.55,873.0,2.87
ragi,visakhapatanam,2014,kharif,20880,28.5,133.55,873.0,0.96
rice,visakhapatanam,2014,kharif,98190,28.5,133.55,873.0,1.63
turmeric,visakhapatanam,2014,kharif,2940,28.5,133.55,873.0,2.81
turmeric,visakhapatanam,2014,kharif,47,28.5,133.55,873.0,7.19
gram,visakhapatanam,2014,rabi,87,28.5,133.55,873.0,1.93
moong(green_gram),visakhapatanam,2014,rabi,3670,28.5,133.55,873.0,0.82
sunflower,visakhapatanam,2014,rabi,186,28.5,133.55,873.0,0.96
bajra,vizianagaram,2014,kharif,132,29.5,266.6866133,929.8805333,0.72
cotton,vizianagaram,2014,kharif,15698,29.5,266.6866133,929.8805333,2.38
groundnut,vizianagaram,2014,kharif,343,29.5,266.6866133,929.8805333,1.62
maize,vizianagaram,2014,kharif,2637,29.5,266.6866133,929.8805333,5.86
ragi,vizianagaram,2014,kharif,1488,29.5,266.6866133,929.8805333,0.84
rice,vizianagaram,2014,kharif,119229,29.5,266.6866133,929.8805333,2.64
turmeric,vizianagaram,2014,kharif,197,29.5,266.6866133,929.8805333,7.2
gram,vizianagaram,2014,rabi,229,29.5,266.6866133,929.8805333,1.93
moong(green_gram),vizianagaram,2014,rabi,14272,29.5,266.6866133,929.8805333,0.55
sunflower,vizianagaram,2014,rabi,6,29.5,266.6866133,929.8805333,1.0
cotton,west_godavari,2014,kharif,9795,28.5,668.86,673.0,1.41
rice,west_godavari,2014,kharif,231475,28.5,668.86,673.0,3.17
gram,west_godavari,2014,rabi,44,28.5,668.86,673.0,1.93
moong(green_gram),west_godavari,2014,rabi,8450,28.5,668.86,673.0,0.73
sunflower,west_godavari,2014,rabi,335,28.5,668.86,673.0,0.96
bajra,anantapur,2015,kharif,3226,30.75,87.91,755.9,1.03
cotton,anantapur,2015,kharif,60154,30.75,87.91,755.9,1.66
groundnut,anantapur,2015,kharif,444657,30.75,87.91,755.9,0.72
groundnut,anantapur,2015,kharif,114394,30.75,87.91,755.9,1.14
maize,anantapur,2015,kharif,13743,30.75,87.91,755.9,2.89
maize,anantapur,2015,kharif,2271,30.75,87.91,755.9,3.53
ragi,anantapur,2015,kharif,1214,30.75,87.91,755.9,2.18
rice,anantapur,2015,kharif,20033,30.75,87.91,755.9,3.05
turmeric,anantapur,2015,kharif,19,30.75,87.91,755.9,7.95
castor_seed,anantapur,2015,rabi,118,30.75,87.91,755.9,0.94
gram,anantapur,2015,rabi,75799,30.75,87.91,755.9,0.45
moong(green_gram),anantapur,2015,rabi,756,30.75,87.91,755.9,0.84
safflower,anantapur,2015,rabi,162,30.75,87.91,755.9,0.77
sunflower,anantapur,2015,rabi,1989,30.75,87.91,755.9,0.59
bajra,chittoor,2015,kharif,2374,26.2,150.14,1086.0,2.81
cotton,chittoor,2015,kharif,435,26.2,150.14,1086.0,1.75
groundnut,chittoor,2015,kharif,57,26.2,150.14,1086.0,2.09
maize,chittoor,2015,kharif,719,26.2,150.14,1086.0,3.81
ragi,chittoor,2015,kharif,5197,26.2,150.14,1086.0,1.07
rice,chittoor,2015,kharif,9476,26.2,150.14,1086.0,3.44
turmeric,chittoor,2015,kharif,12,26.2,150.14,1086.0,7.92
gram,chittoor,2015,rabi,2,26.2,150.14,1086.0,1.0
moong(green_gram),chittoor,2015,rabi,301,26.2,150.14,1086.0,0.84
sunflower,chittoor,2015,rabi,842,26.2,150.14,1086.0,0.86
bajra,east_godavari,2015,kharif,65,27.5,412.05,1953.6,0.95
cotton,east_godavari,2015,kharif,20565,27.5,412.05,1953.6,2.93
groundnut,east_godavari,2015,kharif,559,27.5,412.05,1953.6,2.09
maize,east_godavari,2015,kharif,689,27.5,412.05,1953.6,3.81
ragi,east_godavari,2015,kharif,225,27.5,412.05,1953.6,0.85
rice,east_godavari,2015,kharif,227836,27.5,412.05,1953.6,3.06
turmeric,east_godavari,2015,kharif,164,27.5,412.05,1953.6,6.76
gram,east_godavari,2015,rabi,220,27.5,412.05,1953.6,1.85
moong(green_gram),east_godavari,2015,rabi,18631,27.5,412.05,1953.6,0.32
sunflower,east_godavari,2015,rabi,99,27.5,412.05,1953.6,1.08
bajra,guntur,2015,kharif,1556,30.6,317.23,1460.5,2.04
cotton,guntur,2015,kharif,198220,30.6,317.23,1460.5,3.88
groundnut,guntur,2015,kharif,28676,30.6,317.23,1460.5,1.28
maize,guntur,2015,kharif,190,30.6,317.23,1460.5,3.53
rice,guntur,2015,kharif,160608,30.6,317.23,1460.5,2.9
turmeric,guntur,2015,kharif,5328,30.6,317.23,1460.5,6.39
castor_seed,guntur,2015,rabi,288,30.6,317.23,1460.5,1.3
gram,guntur,2015,rabi,16080,30.6,317.23,1460.5,1.63
moong(green_gram),guntur,2015,rabi,43482,30.6,317.23,1460.5,1.06
sunflower,guntur,2015,rabi,2,30.6,317.23,1460.5,1.0
bajra,kadapa,2015,kharif,2340,32.33,189.37,907.4,1.6
cotton,kadapa,2015,kharif,32753,32.33,189.37,907.4,1.42
groundnut,kadapa,2015,kharif,1050,32.33,189.37,907.4,3.41
maize,kadapa,2015,kharif,3457,32.33,189.37,907.4,4.04
ragi,kadapa,2015,kharif,7,32.33,189.37,907.4,1.29
rice,kadapa,2015,kharif,18625,32.33,189.37,907.4,2.7
turmeric,kadapa,2015,kharif,3541,32.33,189.37,907.4,5.49
castor_seed,kadapa,2015,rabi,2,32.33,189.37,907.4,1.0
gram,kadapa,2015,rabi,79214,32.33,189.37,907.4,1.13
moong(green_gram),kadapa,2015,rabi,10385,32.33,189.37,907.4,0.84
safflower,kadapa,2015,rabi,28,32.33,189.37,907.4,0.79
sunflower,kadapa,2015,rabi,8871,32.33,189.37,907.4,0.98
cotton,krishna,2015,kharif,52784,29.41,402.5,1770.8,3.8
groundnut,krishna,2015,kharif,73370,29.41,402.5,1770.8,0.91
maize,krishna,2015,kharif,18239,29.41,402.5,1770.8,4.02
rice,krishna,2015,kharif,210818,29.41,402.5,1770.8,3.35
turmeric,krishna,2015,kharif,2071,29.41,402.5,1770.8,10.08
castor_seed,krishna,2015,rabi,72,29.41,402.5,1770.8,0.4
gram,krishna,2015,rabi,1242,29.41,402.5,1770.8,2.07
moong(green_gram),krishna,2015,rabi,8779,29.41,402.5,1770.8,0.96
sunflower,krishna,2015,rabi,13,29.41,402.5,1770.8,1.08
bajra,kurnool,2015,kharif,9765,28.33,196.81,824.1,1.36
cotton,kurnool,2015,kharif,200123,28.33,196.81,824.1,1.83
groundnut,kurnool,2015,kharif,2949,28.33,196.81,824.1,3.25
maize,kurnool,2015,kharif,415,28.33,196.81,824.1,5.61
rice,kurnool,2015,kharif,46316,28.33,196.81,824.1,3.15
turmeric,kurnool,2015,kharif,1654,28.33,196.81,824.1,13.17
gram,kurnool,2015,rabi,199242,28.33,196.81,824.1,0.8
moong(green_gram),kurnool,2015,rabi,2998,28.33,196.81,824.1,0.84
safflower,kurnool,2015,rabi,114,28.33,196.81,824.1,0.58
sunflower,kurnool,2015,rabi,3066,28.33,196.81,824.1,0.67
bajra,prakasam,2015,kharif,10744,27.29,266.6866133,929.8805333,2.24
cotton,prakasam,2015,kharif,58025,27.29,266.6866133,929.8805333,2.82
groundnut,prakasam,2015,kharif,5352,27.29,266.6866133,929.8805333,2.97
maize,prakasam,2015,kharif,78,27.29,266.6866133,929.8805333,3.81
ragi,prakasam,2015,kharif,65,27.29,266.6866133,929.8805333,0.85
rice,prakasam,2015,kharif,14187,27.29,266.6866133,929.8805333,4.33
turmeric,prakasam,2015,kharif,637,27.29,266.6866133,929.8805333,6.62
castor_seed,prakasam,2015,rabi,1305,27.29,266.6866133,929.8805333,0.54
gram,prakasam,2015,rabi,91972,27.29,266.6866133,929.8805333,1.93
moong(green_gram),prakasam,2015,rabi,1790,27.29,266.6866133,929.8805333,0.73
sunflower,prakasam,2015,rabi,3312,27.29,266.6866133,929.8805333,1.12
bajra,spsr_nellore,2015,kharif,371,30.21,270.35,1397.6,3.64
cotton,spsr_nellore,2015,kharif,4617,30.21,270.35,1397.6,2.38
groundnut,spsr_nellore,2015,kharif,4165,30.21,270.35,1397.6,1.17
maize,spsr_nellore,2015,kharif,10570,30.21,270.35,1397.6,4.16
ragi,spsr_nellore,2015,kharif,22,30.21,270.35,1397.6,0.86
rice,spsr_nellore,2015,kharif,30413,30.21,270.35,1397.6,3.64
turmeric,spsr_nellore,2015,kharif,115,30.21,270.35,1397.6,6.76
gram,spsr_nellore,2015,rabi,7108,30.21,270.35,1397.6,1.34
moong(green_gram),spsr_nellore,2015,rabi,10335,30.21,270.35,1397.6,0.52
sunflower,spsr_nellore,2015,rabi,541,30.21,270.35,1397.6,0.81
bajra,srikakulam,2015,kharif,176,30.75,167.77,1621.7,2.52
cotton,srikakulam,2015,kharif,8883,30.75,167.77,1621.7,3.16
groundnut,srikakulam,2015,kharif,1472,30.75,167.77,1621.7,1.39
maize,srikakulam,2015,kharif,5310,30.75,167.77,1621.7,2.29
ragi,srikakulam,2015,kharif,291,30.75,167.77,1621.7,1.28
rice,srikakulam,2015,kharif,204003,30.75,167.77,1621.7,2.31
turmeric,srikakulam,2015,kharif,215,30.75,167.77,1621.7,6.75
moong(green_gram),srikakulam,2015,rabi,29610,30.75,167.77,1621.7,0.58
sunflower,srikakulam,2015,rabi,684,30.75,167.77,1621.7,1.08
bajra,visakhapatanam,2015,kharif,2506,28.33,116.41,1793.8,0.98
cotton,visakhapatanam,2015,kharif,2123,28.33,116.41,1793.8,1.7
groundnut,visakhapatanam,2015,kharif,4428,28.33,116.41,1793.8,1.04
maize,visakhapatanam,2015,kharif,16577,28.33,116.41,1793.8,3.76
ragi,visakhapatanam,2015,kharif,17955,28.33,116.41,1793.8,0.84
rice,visakhapatanam,2015,kharif,103090,28.33,116.41,1793.8,2.13
turmeric,visakhapatanam,2015,kharif,2998,28.33,116.41,1793.8,5.14
turmeric,visakhapatanam,2015,kharif,31,28.33,116.41,1793.8,6.74
gram,visakhapatanam,2015,rabi,102,28.33,116.41,1793.8,1.85
moong(green_gram),visakhapatanam,2015,rabi,3677,28.33,116.41,1793.8,0.51
sunflower,visakhapatanam,2015,rabi,132,28.33,116.41,1793.8,1.08
bajra,vizianagaram,2015,kharif,196,29.06,266.6866133,929.8805333,1.82
cotton,vizianagaram,2015,kharif,15597,29.06,266.6866133,929.8805333,2.12
groundnut,vizianagaram,2015,kharif,1001,29.06,266.6866133,929.8805333,2.09
maize,vizianagaram,2015,kharif,2759,29.06,266.6866133,929.8805333,5.14
ragi,vizianagaram,2015,kharif,1627,29.06,266.6866133,929.8805333,0.89
rice,vizianagaram,2015,kharif,124275,29.06,266.6866133,929.8805333,2.95
turmeric,vizianagaram,2015,kharif,210,29.06,266.6866133,929.8805333,6.75
gram,vizianagaram,2015,rabi,123,29.06,266.6866133,929.8805333,1.85
moong(green_gram),vizianagaram,2015,rabi,18257,29.06,266.6866133,929.8805333,0.56
cotton,west_godavari,2015,kharif,8392,28.41,554.22,1733.4,3.3
rice,west_godavari,2015,kharif,229204,28.41,554.22,1733.4,3.18
gram,west_godavari,2015,rabi,25,28.41,554.22,1733.4,1.84
moong(green_gram),west_godavari,2015,rabi,10539,28.41,554.22,1733.4,0.95
sunflower,west_godavari,2015,rabi,174,28.41,554.22,1733.4,1.08
bajra,anantapur,2016,kharif,2467,32.0,76.42,482.0,0.51
cotton,anantapur,2016,kharif,31691,32.0,76.42,482.0,0.82
groundnut,anantapur,2016,kharif,608162,32.0,76.42,482.0,0.23
groundnut,anantapur,2016,kharif,133124,32.0,76.42,482.0,0.54
maize,anantapur,2016,kharif,14131,32.0,76.42,482.0,2.06
maize,anantapur,2016,kharif,1144,32.0,76.42,482.0,3.33
ragi,anantapur,2016,kharif,1108,32.0,76.42,482.0,2.12
rice,anantapur,2016,kharif,17983,32.0,76.42,482.0,2.45
castor_seed,anantapur,2016,rabi,35,32.0,76.42,482.0,0.31
gram,anantapur,2016,rabi,22874,32.0,76.42,482.0,0.26
moong(green_gram),anantapur,2016,rabi,30,32.0,76.42,482.0,0.4
safflower,anantapur,2016,rabi,32,32.0,76.42,482.0,0.25
sunflower,anantapur,2016,rabi,1214,32.0,76.42,482.0,0.7
bajra,chittoor,2016,kharif,2242,27.64,128.61,952.5,2.76
cotton,chittoor,2016,kharif,517,27.64,128.61,952.5,2.54
groundnut,chittoor,2016,kharif,45,27.64,128.61,952.5,2.24
maize,chittoor,2016,kharif,643,27.64,128.61,952.5,4.07
ragi,chittoor,2016,kharif,4333,27.64,128.61,952.5,0.4
rice,chittoor,2016,kharif,22905,27.64,128.61,952.5,3.43
turmeric,chittoor,2016,kharif,13,27.64,128.61,952.5,4.0
gram,chittoor,2016,rabi,4,27.64,128.61,952.5,0.75
moong(green_gram),chittoor,2016,rabi,515,27.64,128.61,952.5,0.41
sunflower,chittoor,2016,rabi,773,27.64,128.61,952.5,1.29
bajra,east_godavari,2016,kharif,78,28.83,406.28,845.0,1.1
cotton,east_godavari,2016,kharif,12743,28.83,406.28,845.0,2.65
groundnut,east_godavari,2016,kharif,698,28.83,406.28,845.0,2.25
maize,east_godavari,2016,kharif,411,28.83,406.28,845.0,4.07
ragi,east_godavari,2016,kharif,252,28.83,406.28,845.0,1.0
rice,east_godavari,2016,kharif,220489,28.83,406.28,845.0,3.35
turmeric,east_godavari,2016,kharif,216,28.83,406.28,845.0,4.22
gram,east_godavari,2016,rabi,1503,28.83,406.28,845.0,1.5
moong(green_gram),east_godavari,2016,rabi,19259,28.83,406.28,845.0,0.61
sunflower,east_godavari,2016,rabi,103,28.83,406.28,845.0,0.77
bajra,guntur,2016,kharif,2219,30.93,352.35,610.9,0.57
cotton,guntur,2016,kharif,141856,30.93,352.35,610.9,4.61
groundnut,guntur,2016,kharif,52015,30.93,352.35,610.9,0.38
maize,guntur,2016,kharif,405,30.93,352.35,610.9,4.23
rice,guntur,2016,kharif,163747,30.93,352.35,610.9,4.19
turmeric,guntur,2016,kharif,5582,30.93,352.35,610.9,4.57
castor_seed,guntur,2016,rabi,20,30.93,352.35,610.9,0.55
gram,guntur,2016,rabi,21997,30.93,352.35,610.9,1.96
moong(green_gram),guntur,2016,rabi,12155,30.93,352.35,610.9,0.6
bajra,kadapa,2016,kharif,3610,33.8,217.7,658.7,1.17
cotton,kadapa,2016,kharif,18840,33.8,217.7,658.7,0.93
groundnut,kadapa,2016,kharif,926,33.8,217.7,658.7,4.41
maize,kadapa,2016,kharif,4545,33.8,217.7,658.7,4.34
ragi,kadapa,2016,kharif,19,33.8,217.7,658.7,0.74
rice,kadapa,2016,kharif,44388,33.8,217.7,658.7,3.31
turmeric,kadapa,2016,kharif,4918,33.8,217.7,658.7,3.3
castor_seed,kadapa,2016,rabi,9,33.8,217.7,658.7,0.67
gram,kadapa,2016,rabi,82032,33.8,217.7,658.7,0.4
moong(green_gram),kadapa,2016,rabi,1569,33.8,217.7,658.7,0.41
safflower,kadapa,2016,rabi,10,33.8,217.7,658.7,1.0
sunflower,kadapa,2016,rabi,7185,33.8,217.7,658.7,1.42
cotton,krishna,2016,kharif,37312,29.82,544.55,876.5,4.27
groundnut,krishna,2016,kharif,113447,29.82,544.55,876.5,0.87
maize,krishna,2016,kharif,27874,29.82,544.55,876.5,5.37
rice,krishna,2016,kharif,215895,29.82,544.55,876.5,3.86
turmeric,krishna,2016,kharif,2318,29.82,544.55,876.5,6.01
castor_seed,krishna,2016,rabi,50,29.82,544.55,876.5,0.54
gram,krishna,2016,rabi,1771,29.82,544.55,876.5,1.82
moong(green_gram),krishna,2016,rabi,4101,29.82,544.55,876.5,0.38
sunflower,krishna,2016,rabi,5,29.82,544.55,876.5,0.8
bajra,kurnool,2016,kharif,8413,28.65,254.64,500.4,1.72
cotton,kurnool,2016,kharif,176195,28.65,254.64,500.4,3.02
groundnut,kurnool,2016,kharif,3771,28.65,254.64,500.4,2.67
maize,kurnool,2016,kharif,726,28.65,254.64,500.4,3.02
rice,kurnool,2016,kharif,79264,28.65,254.64,500.4,4.06
turmeric,kurnool,2016,kharif,1861,28.65,254.64,500.4,5.97
gram,kurnool,2016,rabi,170870,28.65,254.64,500.4,0.93
moong(green_gram),kurnool,2016,rabi,389,28.65,254.64,500.4,0.41
safflower,kurnool,2016,rabi,83,28.65,254.64,500.4,0.73
sunflower,kurnool,2016,rabi,1701,28.65,254.64,500.4,1.16
bajra,prakasam,2016,kharif,16399,27.79,266.6866133,929.8805333,1.99
cotton,prakasam,2016,kharif,14105,27.79,266.6866133,929.8805333,3.08
groundnut,prakasam,2016,kharif,12184,27.79,266.6866133,929.8805333,2.62
maize,prakasam,2016,kharif,102,27.79,266.6866133,929.8805333,4.07
ragi,prakasam,2016,kharif,3,27.79,266.6866133,929.8805333,1.0
rice,prakasam,2016,kharif,19297,27.79,266.6866133,929.8805333,3.33
turmeric,prakasam,2016,kharif,399,27.79,266.6866133,929.8805333,3.1
castor_seed,prakasam,2016,rabi,413,27.79,266.6866133,929.8805333,0.53
gram,prakasam,2016,rabi,82605,27.79,266.6866133,929.8805333,1.49
moong(green_gram),prakasam,2016,rabi,440,27.79,266.6866133,929.8805333,0.38
sunflower,prakasam,2016,rabi,536,27.79,266.6866133,929.8805333,0.85
bajra,spsr_nellore,2016,kharif,1388,31.75,298.23,1087.0,3.74
cotton,spsr_nellore,2016,kharif,2124,31.75,298.23,1087.0,2.43
groundnut,spsr_nellore,2016,kharif,2791,31.75,298.23,1087.0,1.21
maize,spsr_nellore,2016,kharif,9989,31.75,298.23,1087.0,3.67
ragi,spsr_nellore,2016,kharif,101,31.75,298.23,1087.0,1.01
rice,spsr_nellore,2016,kharif,73827,31.75,298.23,1087.0,3.9
turmeric,spsr_nellore,2016,kharif,144,31.75,298.23,1087.0,4.22
gram,spsr_nellore,2016,rabi,13242,31.75,298.23,1087.0,0.8
moong(green_gram),spsr_nellore,2016,rabi,2747,31.75,298.23,1087.0,0.53
sunflower,spsr_nellore,2016,rabi,388,31.75,298.23,1087.0,0.65
bajra,srikakulam,2016,kharif,125,30.93,168.19,934.6,3.36
cotton,srikakulam,2016,kharif,7155,30.93,168.19,934.6,3.37
groundnut,srikakulam,2016,kharif,1737,30.93,168.19,934.6,1.34
maize,srikakulam,2016,kharif,5559,30.93,168.19,934.6,2.0
ragi,srikakulam,2016,kharif,250,30.93,168.19,934.6,1.64
rice,srikakulam,2016,kharif,203411,30.93,168.19,934.6,2.98
turmeric,srikakulam,2016,kharif,204,30.93,168.19,934.6,4.22
moong(green_gram),srikakulam,2016,rabi,31966,30.93,168.19,934.6,0.44
sunflower,srikakulam,2016,rabi,488,30.93,168.19,934.6,0.76
bajra,visakhapatanam,2016,kharif,1731,28.8,162.97,932.8,1.05
cotton,visakhapatanam,2016,kharif,1652,28.8,162.97,932.8,1.18
groundnut,visakhapatanam,2016,kharif,3285,28.8,162.97,932.8,1.16
maize,visakhapatanam,2016,kharif,17458,28.8,162.97,932.8,4.66
ragi,visakhapatanam,2016,kharif,19248,28.8,162.97,932.8,1.0
rice,visakhapatanam,2016,kharif,105460,28.8,162.97,932.8,2.25
turmeric,visakhapatanam,2016,kharif,3164,28.8,162.97,932.8,2.44
gram,visakhapatanam,2016,rabi,50,28.8,162.97,932.8,1.5
moong(green_gram),visakhapatanam,2016,rabi,3738,28.8,162.97,932.8,0.7
sunflower,visakhapatanam,2016,rabi,115,28.8,162.97,932.8,0.77
bajra,vizianagaram,2016,kharif,90,29.59,266.6866133,929.8805333,1.22
cotton,vizianagaram,2016,kharif,14632,29.59,266.6866133,929.8805333,2.13
groundnut,vizianagaram,2016,kharif,1048,29.59,266.6866133,929.8805333,2.25
maize,vizianagaram,2016,kharif,2514,29.59,266.6866133,929.8805333,5.91
ragi,vizianagaram,2016,kharif,1583,29.59,266.6866133,929.8805333,0.95
rice,vizianagaram,2016,kharif,122205,29.59,266.6866133,929.8805333,3.04
turmeric,vizianagaram,2016,kharif,31,29.59,266.6866133,929.8805333,4.23
turmeric,vizianagaram,2016,kharif,318,29.59,266.6866133,929.8805333,4.22
gram,vizianagaram,2016,rabi,130,29.59,266.6866133,929.8805333,1.51
moong(green_gram),vizianagaram,2016,rabi,16952,29.59,266.6866133,929.8805333,0.46
sunflower,vizianagaram,2016,rabi,1,29.59,266.6866133,929.8805333,1.0
cotton,west_godavari,2016,kharif,4615,28.7,595.16,899.3,3.2
ragi,west_godavari,2016,kharif,2,28.7,595.16,899.3,1.0
rice,west_godavari,2016,kharif,230785,28.7,595.16,899.3,3.55
gram,west_godavari,2016,rabi,5,28.7,595.16,899.3,1.6
moong(green_gram),west_godavari,2016,rabi,8206,28.7,595.16,899.3,0.23
sunflower,west_godavari,2016,rabi,93,28.7,595.16,899.3,0.76
bajra,anantapur,2017,kharif,5261,31.33,87.2,536.0,1.34
cotton,anantapur,2017,kharif,45438,31.33,87.2,536.0,2.83
groundnut,anantapur,2017,kharif,402435,31.33,87.2,536.0,1.02
maize,anantapur,2017,kharif,19044,31.33,87.2,536.0,3.77
ragi,anantapur,2017,kharif,1641,31.33,87.2,536.0,2.34
rice,anantapur,2017,kharif,12293,31.33,87.2,536.0,2.51
castor_seed,anantapur,2017,rabi,42,31.33,87.2,536.0,0.57
gram,anantapur,2017,rabi,74397,31.33,87.2,536.0,0.68
moong(green_gram),anantapur,2017,rabi,37,31.33,87.2,536.0,0.95
sunflower,anantapur,2017,rabi,507,31.33,87.2,536.0,0.79
bajra,chittoor,2017,kharif,2104,27.24,151.07,1002.5,2.29
cotton,chittoor,2017,kharif,328,27.24,151.07,1002.5,2.67
groundnut,chittoor,2017,kharif,115048,27.24,151.07,1002.5,1.86
maize,chittoor,2017,kharif,1551,27.24,151.07,1002.5,5.21
ragi,chittoor,2017,kharif,5904,27.24,151.07,1002.5,1.26
rice,chittoor,2017,kharif,15061,27.24,151.07,1002.5,3.57
turmeric,chittoor,2017,kharif,402,27.24,151.07,1002.5,12.0
moong(green_gram),chittoor,2017,rabi,419,27.24,151.07,1002.5,0.94
sunflower,chittoor,2017,rabi,625,27.24,151.07,1002.5,1.74
bajra,east_godavari,2017,kharif,61,29.36,372.2,1445.3,1.11
cotton,east_godavari,2017,kharif,16364,29.36,372.2,1445.3,2.18
groundnut,east_godavari,2017,kharif,7,29.36,372.2,1445.3,2.57
maize,east_godavari,2017,kharif,731,29.36,372.2,1445.3,4.25
ragi,east_godavari,2017,kharif,295,29.36,372.2,1445.3,0.99
rice,east_godavari,2017,kharif,225683,29.36,372.2,1445.3,3.42
turmeric,east_godavari,2017,kharif,558,29.36,372.2,1445.3,12.0
gram,east_godavari,2017,rabi,1813,29.36,372.2,1445.3,1.43
moong(green_gram),east_godavari,2017,rabi,16315,29.36,372.2,1445.3,0.61
sunflower,east_godavari,2017,rabi,114,29.36,372.2,1445.3,0.94
bajra,guntur,2017,kharif,1273,29.54,363.87,1012.7,0.94
cotton,guntur,2017,kharif,183735,29.54,363.87,1012.7,4.37
groundnut,guntur,2017,kharif,584,29.54,363.87,1012.7,2.51
maize,guntur,2017,kharif,741,29.54,363.87,1012.7,4.26
rice,guntur,2017,kharif,183828,29.54,363.87,1012.7,4.17
turmeric,guntur,2017,kharif,5422,29.54,363.87,1012.7,12.0
castor_seed,guntur,2017,rabi,217,29.54,363.87,1012.7,1.94
gram,guntur,2017,rabi,32007,29.54,363.87,1012.7,1.9
moong(green_gram),guntur,2017,rabi,22378,29.54,363.87,1012.7,1.07
bajra,kadapa,2017,kharif,5842,33.26,197.58,558.2,2.09
cotton,kadapa,2017,kharif,24449,33.26,197.58,558.2,0.72
groundnut,kadapa,2017,kharif,25317,33.26,197.58,558.2,1.56
maize,kadapa,2017,kharif,918,33.26,197.58,558.2,4.99
ragi,kadapa,2017,kharif,16,33.26,197.58,558.2,1.5
rice,kadapa,2017,kharif,30717,33.26,197.58,558.2,2.3
turmeric,kadapa,2017,kharif,6512,33.26,197.58,558.2,12.0
castor_seed,kadapa,2017,rabi,3,33.26,197.58,558.2,0.67
gram,kadapa,2017,rabi,97135,33.26,197.58,558.2,0.71
moong(green_gram),kadapa,2017,rabi,213,33.26,197.58,558.2,0.94
sunflower,kadapa,2017,rabi,2947,33.26,197.58,558.2,2.08
cotton,krishna,2017,kharif,48357,30.35,440.18,1509.6,4.05
groundnut,krishna,2017,kharif,1148,30.35,440.18,1509.6,2.72
maize,krishna,2017,kharif,5288,30.35,440.18,1509.6,5.07
rice,krishna,2017,kharif,235984,30.35,440.18,1509.6,3.94
turmeric,krishna,2017,kharif,2999,30.35,440.18,1509.6,12.0
gram,krishna,2017,rabi,2287,30.35,440.18,1509.6,1.9
moong(green_gram),krishna,2017,rabi,3283,30.35,440.18,1509.6,0.67
sunflower,krishna,2017,rabi,4,30.35,440.18,1509.6,1.0
bajra,kurnool,2017,kharif,7885,29.09,272.93,609.3,1.94
cotton,kurnool,2017,kharif,259225,29.09,272.93,609.3,2.83
groundnut,kurnool,2017,kharif,85784,29.09,272.93,609.3,1.42
maize,kurnool,2017,kharif,39752,29.09,272.93,609.3,5.58
rice,kurnool,2017,kharif,59592,29.09,272.93,609.3,3.47
turmeric,kurnool,2017,kharif,1685,29.09,272.93,609.3,12.0
castor_seed,kurnool,2017,rabi,97,29.09,272.93,609.3,0.72
gram,kurnool,2017,rabi,194754,29.09,272.93,609.3,1.28
moong(green_gram),kurnool,2017,rabi,146,29.09,272.93,609.3,0.94
safflower,kurnool,2017,rabi,20,29.09,272.93,609.3,0.65
sunflower,kurnool,2017,rabi,548,29.09,272.93,609.3,0.79
bajra,prakasam,2017,kharif,17246,28.29,266.6866133,929.8805333,2.03
cotton,prakasam,2017,kharif,35076,28.29,266.6866133,929.8805333,2.4
groundnut,prakasam,2017,kharif,3106,28.29,266.6866133,929.8805333,2.39
maize,prakasam,2017,kharif,1727,28.29,266.6866133,929.8805333,4.38
ragi,prakasam,2017,kharif,31,28.29,266.6866133,929.8805333,1.0
rice,prakasam,2017,kharif,27547,28.29,266.6866133,929.8805333,3.9
turmeric,prakasam,2017,kharif,672,28.29,266.6866133,929.8805333,12.0
castor_seed,prakasam,2017,rabi,547,28.29,266.6866133,929.8805333,0.38
gram,prakasam,2017,rabi,107733,28.29,266.6866133,929.8805333,1.29
moong(green_gram),prakasam,2017,rabi,190,28.29,266.6866133,929.8805333,0.15
sunflower,prakasam,2017,rabi,384,28.29,266.6866133,929.8805333,0.99
bajra,spsr_nellore,2017,kharif,1802,31.21,330.24,911.0,2.66
cotton,spsr_nellore,2017,kharif,3863,31.21,330.24,911.0,1.97
groundnut,spsr_nellore,2017,kharif,8208,31.21,330.24,911.0,3.4
maize,spsr_nellore,2017,kharif,82,31.21,330.24,911.0,4.26
ragi,spsr_nellore,2017,kharif,59,31.21,330.24,911.0,0.98
rice,spsr_nellore,2017,kharif,21184,31.21,330.24,911.0,3.83
turmeric,spsr_nellore,2017,kharif,180,31.21,330.24,911.0,12.0
gram,spsr_nellore,2017,rabi,10034,31.21,330.24,911.0,1.29
moong(green_gram),spsr_nellore,2017,rabi,1153,31.21,330.24,911.0,0.51
sunflower,spsr_nellore,2017,rabi,117,31.21,330.24,911.0,0.76
bajra,srikakulam,2017,kharif,87,30.55,174.21,1289.2,3.34
cotton,srikakulam,2017,kharif,7478,30.55,174.21,1289.2,3.66
groundnut,srikakulam,2017,kharif,1808,30.55,174.21,1289.2,1.1
maize,srikakulam,2017,kharif,11430,30.55,174.21,1289.2,4.15
ragi,srikakulam,2017,kharif,154,30.55,174.21,1289.2,1.6
rice,srikakulam,2017,kharif,210682,30.55,174.21,1289.2,2.52
turmeric,srikakulam,2017,kharif,253,30.55,174.21,1289.2,12.0
moong(green_gram),srikakulam,2017,rabi,37346,30.55,174.21,1289.2,0.5
sunflower,srikakulam,2017,rabi,639,30.55,174.21,1289.2,0.94
bajra,visakhapatanam,2017,kharif,1696,29.28,143.37,1217.9,1.21
cotton,visakhapatanam,2017,kharif,1474,29.28,143.37,1217.9,1.36
groundnut,visakhapatanam,2017,kharif,1655,29.28,143.37,1217.9,1.36
maize,visakhapatanam,2017,kharif,5805,29.28,143.37,1217.9,1.8
ragi,visakhapatanam,2017,kharif,16731,29.28,143.37,1217.9,1.0
rice,visakhapatanam,2017,kharif,104922,29.28,143.37,1217.9,2.09
turmeric,visakhapatanam,2017,kharif,9913,29.28,143.37,1217.9,12.0
gram,visakhapatanam,2017,rabi,75,29.28,143.37,1217.9,1.43
moong(green_gram),visakhapatanam,2017,rabi,3748,29.28,143.37,1217.9,0.43
sunflower,visakhapatanam,2017,rabi,98,29.28,143.37,1217.9,0.94
bajra,vizianagaram,2017,kharif,110,30.04,266.6866133,929.8805333,1.45
cotton,vizianagaram,2017,kharif,13630,30.04,266.6866133,929.8805333,2.46
groundnut,vizianagaram,2017,kharif,2046,30.04,266.6866133,929.8805333,1.16
maize,vizianagaram,2017,kharif,18027,30.04,266.6866133,929.8805333,4.77
ragi,vizianagaram,2017,kharif,1809,30.04,266.6866133,929.8805333,0.85
rice,vizianagaram,2017,kharif,122675,30.04,266.6866133,929.8805333,2.97
gram,vizianagaram,2017,rabi,112,30.04,266.6866133,929.8805333,1.43
moong(green_gram),vizianagaram,2017,rabi,16143,30.04,266.6866133,929.8805333,0.6
cotton,west_godavari,2017,kharif,4525,29.17,540.14,1611.9,3.09
groundnut,west_godavari,2017,kharif,784,29.17,540.14,1611.9,2.51
maize,west_godavari,2017,kharif,2180,29.17,540.14,1611.9,5.0
rice,west_godavari,2017,kharif,226760,29.17,540.14,1611.9,3.56
turmeric,west_godavari,2017,kharif,325,29.17,540.14,1611.9,12.0
gram,west_godavari,2017,rabi,33,29.17,540.14,1611.9,1.42
moong(green_gram),west_godavari,2017,rabi,19940,29.17,540.14,1611.9,0.7
sunflower,west_godavari,2017,rabi,118,29.17,540.14,1611.9,0.94
bajra,anantapur,2018,kharif,2979,32.75,100.93,501.7,1.16
cotton,anantapur,2018,kharif,47976,32.75,100.93,501.7,1.39
groundnut,anantapur,2018,kharif,474392,32.75,100.93,501.7,0.32
maize,anantapur,2018,kharif,14627,32.75,100.93,501.7,2.84
ragi,anantapur,2018,kharif,1055,32.75,100.93,501.7,1.99
rice,anantapur,2018,kharif,21938,32.75,100.93,501.7,2.67
turmeric,anantapur,2018,kharif,5,32.75,100.93,501.7,3.560212528
castor_seed,anantapur,2018,rabi,79,32.75,100.93,501.7,0.52
gram,anantapur,2018,rabi,78340,32.75,100.93,501.7,0.25
moong(green_gram),anantapur,2018,rabi,1472,32.75,100.93,501.7,0.63
safflower,anantapur,2018,rabi,51,32.75,100.93,501.7,0.16
sunflower,anantapur,2018,rabi,1138,32.75,100.93,501.7,0.72
bajra,chittoor,2018,kharif,1830,27.79,181.64,856.0,2.16
cotton,chittoor,2018,kharif,177,27.79,181.64,856.0,1.23
groundnut,chittoor,2018,kharif,99275,27.79,181.64,856.0,0.9
maize,chittoor,2018,kharif,1307,27.79,181.64,856.0,0.88
ragi,chittoor,2018,kharif,4620,27.79,181.64,856.0,1.62
rice,chittoor,2018,kharif,17422,27.79,181.64,856.0,3.68
turmeric,chittoor,2018,kharif,5,27.79,181.64,856.0,964.8
moong(green_gram),chittoor,2018,rabi,294,27.79,181.64,856.0,0.63
sunflower,chittoor,2018,rabi,649,27.79,181.64,856.0,0.83
bajra,east_godavari,2018,kharif,90,29.75,370.26,1120.2,1.03
cotton,east_godavari,2018,kharif,11933,29.75,370.26,1120.2,2.65
maize,east_godavari,2018,kharif,769,29.75,370.26,1120.2,4.27
ragi,east_godavari,2018,kharif,267,29.75,370.26,1120.2,1.09
rice,east_godavari,2018,kharif,222214,29.75,370.26,1120.2,3.74
turmeric,east_godavari,2018,kharif,209,29.75,370.26,1120.2,18.6
gram,east_godavari,2018,rabi,2383,29.75,370.26,1120.2,1.08
moong(green_gram),east_godavari,2018,rabi,11538,29.75,370.26,1120.2,0.68
sunflower,east_godavari,2018,rabi,187,29.75,370.26,1120.2,0.31
bajra,guntur,2018,kharif,67,30.82,351.11,1161.5,1.42
cotton,guntur,2018,kharif,176679,30.82,351.11,1161.5,4.21
groundnut,guntur,2018,kharif,597,30.82,351.11,1161.5,2.9
maize,guntur,2018,kharif,455,30.82,351.11,1161.5,4.27
rice,guntur,2018,kharif,216433,30.82,351.11,1161.5,3.96
turmeric,guntur,2018,kharif,5059,30.82,351.11,1161.5,12.06
castor_seed,guntur,2018,rabi,175,30.82,351.11,1161.5,0.54
gram,guntur,2018,rabi,24815,30.82,351.11,1161.5,2.07
moong(green_gram),guntur,2018,rabi,30510,30.82,351.11,1161.5,1.08
sunflower,guntur,2018,rabi,59,30.82,351.11,1161.5,0.31
bajra,kadapa,2018,kharif,845,33.64,223.18,689.2,1.43
cotton,kadapa,2018,kharif,10940,33.64,223.18,689.2,2.04
groundnut,kadapa,2018,kharif,8627,33.64,223.18,689.2,0.52
maize,kadapa,2018,kharif,665,33.64,223.18,689.2,4.02
ragi,kadapa,2018,kharif,10,33.64,223.18,689.2,1.7
rice,kadapa,2018,kharif,39041,33.64,223.18,689.2,3.25
turmeric,kadapa,2018,kharif,4109,33.64,223.18,689.2,14.16
castor_seed,kadapa,2018,rabi,75,33.64,223.18,689.2,0.49
gram,kadapa,2018,rabi,101525,33.64,223.18,689.2,0.25
moong(green_gram),kadapa,2018,rabi,1954,33.64,223.18,689.2,0.63
safflower,kadapa,2018,rabi,230,33.64,223.18,689.2,0.16
sunflower,kadapa,2018,rabi,5219,33.64,223.18,689.2,0.91
cotton,krishna,2018,kharif,47109,30.77,360.46,1317.3,3.7
groundnut,krishna,2018,kharif,1029,30.77,360.46,1317.3,4.07
maize,krishna,2018,kharif,4063,30.77,360.46,1317.3,3.51
rice,krishna,2018,kharif,245815,30.77,360.46,1317.3,4.16
turmeric,krishna,2018,kharif,2281,30.77,360.46,1317.3,15.85
gram,krishna,2018,rabi,2851,30.77,360.46,1317.3,2.42
moong(green_gram),krishna,2018,rabi,3888,30.77,360.46,1317.3,1.0
sunflower,krishna,2018,rabi,29,30.77,360.46,1317.3,0.31
bajra,kurnool,2018,kharif,6612,28.7,258.75,703.4,0.73
cotton,kurnool,2018,kharif,259498,28.7,258.75,703.4,1.17
groundnut,kurnool,2018,kharif,89187,28.7,258.75,703.4,0.48
maize,kurnool,2018,kharif,40845,28.7,258.75,703.4,4.54
rice,kurnool,2018,kharif,88858,28.7,258.75,703.4,3.9
turmeric,kurnool,2018,kharif,1723,28.7,258.75,703.4,17.69
castor_seed,kurnool,2018,rabi,370,28.7,258.75,703.4,0.37
gram,kurnool,2018,rabi,147343,28.7,258.75,703.4,0.24
moong(green_gram),kurnool,2018,rabi,430,28.7,258.75,703.4,0.63
safflower,kurnool,2018,rabi,71,28.7,258.75,703.4,0.15
sunflower,kurnool,2018,rabi,1093,28.7,258.75,703.4,0.61
bajra,prakasam,2018,kharif,6607,27.75,266.6866133,929.8805333,0.8
cotton,prakasam,2018,kharif,38467,27.75,266.6866133,929.8805333,2.01
groundnut,prakasam,2018,kharif,1105,27.75,266.6866133,929.8805333,3.84
maize,prakasam,2018,kharif,1290,27.75,266.6866133,929.8805333,1.8
ragi,prakasam,2018,kharif,29,27.75,266.6866133,929.8805333,1.07
rice,prakasam,2018,kharif,27778,27.75,266.6866133,929.8805333,3.67
turmeric,prakasam,2018,kharif,726,27.75,266.6866133,929.8805333,11.98
castor_seed,prakasam,2018,rabi,1132,27.75,266.6866133,929.8805333,0.29
gram,prakasam,2018,rabi,109283,27.75,266.6866133,929.8805333,0.83
moong(green_gram),prakasam,2018,rabi,647,27.75,266.6866133,929.8805333,0.36
sunflower,prakasam,2018,rabi,618,27.75,266.6866133,929.8805333,0.19
bajra,spsr_nellore,2018,kharif,219,32.83,312.66,871.8,1.66
cotton,spsr_nellore,2018,kharif,791,32.83,312.66,871.8,2.65
groundnut,spsr_nellore,2018,kharif,6463,32.83,312.66,871.8,4.03
maize,spsr_nellore,2018,kharif,254,32.83,312.66,871.8,4.28
ragi,spsr_nellore,2018,kharif,110,32.83,312.66,871.8,1.08
rice,spsr_nellore,2018,kharif,26638,32.83,312.66,871.8,3.53
turmeric,spsr_nellore,2018,kharif,106,32.83,312.66,871.8,20.38
castor_seed,spsr_nellore,2018,rabi,8,32.83,312.66,871.8,0.25
gram,spsr_nellore,2018,rabi,11040,32.83,312.66,871.8,0.93
moong(green_gram),spsr_nellore,2018,rabi,2359,32.83,312.66,871.8,0.8
sunflower,spsr_nellore,2018,rabi,238,32.83,312.66,871.8,0.6
bajra,srikakulam,2018,kharif,84,30.78,187.29,1421.9,1.67
cotton,srikakulam,2018,kharif,5488,30.78,187.29,1421.9,2.96
groundnut,srikakulam,2018,kharif,2041,30.78,187.29,1421.9,1.1
maize,srikakulam,2018,kharif,14747,30.78,187.29,1421.9,4.57
ragi,srikakulam,2018,kharif,253,30.78,187.29,1421.9,1.27
rice,srikakulam,2018,kharif,209426,30.78,187.29,1421.9,2.06
turmeric,srikakulam,2018,kharif,204,30.78,187.29,1421.9,15.24
moong(green_gram),srikakulam,2018,rabi,30361,30.78,187.29,1421.9,0.51
sunflower,srikakulam,2018,rabi,639,30.78,187.29,1421.9,0.31
bajra,visakhapatanam,2018,kharif,1517,29.65,140.21,1082.5,1.13
cotton,visakhapatanam,2018,kharif,1092,29.65,140.21,1082.5,1.49
groundnut,visakhapatanam,2018,kharif,1726,29.65,140.21,1082.5,1.51
maize,visakhapatanam,2018,kharif,5814,29.65,140.21,1082.5,2.79
ragi,visakhapatanam,2018,kharif,16623,29.65,140.21,1082.5,1.1
rice,visakhapatanam,2018,kharif,99900,29.65,140.21,1082.5,1.69
turmeric,visakhapatanam,2018,kharif,5628,29.65,140.21,1082.5,18.58
gram,visakhapatanam,2018,rabi,178,29.65,140.21,1082.5,1.08
moong(green_gram),visakhapatanam,2018,rabi,1803,29.65,140.21,1082.5,0.38
safflower,visakhapatanam,2018,rabi,28,29.65,140.21,1082.5,0.14
sunflower,visakhapatanam,2018,rabi,73,29.65,140.21,1082.5,0.3
bajra,vizianagaram,2018,kharif,82,30.82,266.6866133,929.8805333,1.12
cotton,vizianagaram,2018,kharif,11485,30.82,266.6866133,929.8805333,2.27
groundnut,vizianagaram,2018,kharif,1825,30.82,266.6866133,929.8805333,1.01
maize,vizianagaram,2018,kharif,18264,30.82,266.6866133,929.8805333,4.75
ragi,vizianagaram,2018,kharif,1026,30.82,266.6866133,929.8805333,0.83
rice,vizianagaram,2018,kharif,121499,30.82,266.6866133,929.8805333,2.34
turmeric,vizianagaram,2018,kharif,58,30.82,266.6866133,929.8805333,8.28
gram,vizianagaram,2018,rabi,57,30.82,266.6866133,929.8805333,1.07
moong(green_gram),vizianagaram,2018,rabi,7974,30.82,266.6866133,929.8805333,0.47
sunflower,vizianagaram,2018,rabi,11,30.82,266.6866133,929.8805333,0.27
cotton,west_godavari,2018,kharif,5235,29.53,555.28,1006.1,3.25
groundnut,west_godavari,2018,kharif,872,29.53,555.28,1006.1,2.9
maize,west_godavari,2018,kharif,1270,29.53,555.28,1006.1,5.8
rice,west_godavari,2018,kharif,226925,29.53,555.28,1006.1,3.78
turmeric,west_godavari,2018,kharif,259,29.53,555.28,1006.1,10.15
gram,west_godavari,2018,rabi,36,29.53,555.28,1006.1,1.08
moong(green_gram),west_godavari,2018,rabi,9851,29.53,555.28,1006.1,1.02
sunflower,west_godavari,2018,rabi,128,29.53,555.28,1006.1,0.3
bajra,anantapur,2019,kharif,2241,32.65,88.64,437.8,1.53
cotton,anantapur,2019,kharif,51850,32.65,88.64,437.8,0.3
groundnut,anantapur,2019,kharif,371029,32.65,88.64,437.8,0.75
maize,anantapur,2019,kharif,14089,32.65,88.64,437.8,2.79
ragi,anantapur,2019,kharif,1337,32.65,88.64,437.8,1.86
rice,anantapur,2019,kharif,18209,32.65,88.64,437.8,3.61
castor_seed,anantapur,2019,rabi,70,32.65,88.64,437.8,0.43
gram,anantapur,2019,rabi,92409,32.65,88.64,437.8,0.77
moong(green_gram),anantapur,2019,rabi,130,32.65,88.64,437.8,0.98
safflower,anantapur,2019,rabi,499,32.65,88.64,437.8,0.49
sunflower,anantapur,2019,rabi,1027,32.65,88.64,437.8,0.63
bajra,chittoor,2019,kharif,2085,28.78,168.41,600.4,3.7
cotton,chittoor,2019,kharif,157,28.78,168.41,600.4,0.52
groundnut,chittoor,2019,kharif,95746,28.78,168.41,600.4,1.73
maize,chittoor,2019,kharif,2655,28.78,168.41,600.4,2.63
ragi,chittoor,2019,kharif,5066,28.78,168.41,600.4,1.55
rice,chittoor,2019,kharif,10664,28.78,168.41,600.4,4.03
turmeric,chittoor,2019,kharif,402,28.78,168.41,600.4,12.0
moong(green_gram),chittoor,2019,rabi,204,28.78,168.41,600.4,0.98
sunflower,chittoor,2019,rabi,446,28.78,168.41,600.4,1.01
bajra,east_godavari,2019,kharif,5,29.75,409.3,635.7,1.2
cotton,east_godavari,2019,kharif,12896,29.75,409.3,635.7,0.51
groundnut,east_godavari,2019,kharif,9,29.75,409.3,635.7,3.0
maize,east_godavari,2019,kharif,728,29.75,409.3,635.7,4.94
ragi,east_godavari,2019,kharif,139,29.75,409.3,635.7,0.86
rice,east_godavari,2019,kharif,221042,29.75,409.3,635.7,3.37
turmeric,east_godavari,2019,kharif,324,29.75,409.3,635.7,12.0
gram,east_godavari,2019,rabi,1964,29.75,409.3,635.7,1.71
moong(green_gram),east_godavari,2019,rabi,8914,29.75,409.3,635.7,0.75
sunflower,east_godavari,2019,rabi,180,29.75,409.3,635.7,1.03
bajra,guntur,2019,kharif,18,30.93,397.24,681.4,2.0
cotton,guntur,2019,kharif,182408,30.93,397.24,681.4,0.92
groundnut,guntur,2019,kharif,390,30.93,397.24,681.4,3.05
maize,guntur,2019,kharif,674,30.93,397.24,681.4,4.93
rice,guntur,2019,kharif,220272,30.93,397.24,681.4,3.99
turmeric,guntur,2019,kharif,4806,30.93,397.24,681.4,12.0
castor_seed,guntur,2019,rabi,67,30.93,397.24,681.4,0.75
gram,guntur,2019,rabi,16735,30.93,397.24,681.4,1.68
moong(green_gram),guntur,2019,rabi,21775,30.93,397.24,681.4,1.34
sunflower,guntur,2019,rabi,9,30.93,397.24,681.4,1.0
bajra,kadapa,2019,kharif,1081,33.65,233.35,432.6,2.53
cotton,kadapa,2019,kharif,13410,33.65,233.35,432.6,0.71
groundnut,kadapa,2019,kharif,8332,33.65,233.35,432.6,1.58
maize,kadapa,2019,kharif,219,33.65,233.35,432.6,4.5
rice,kadapa,2019,kharif,32647,33.65,233.35,432.6,3.06
turmeric,kadapa,2019,kharif,5703,33.65,233.35,432.6,12.0
castor_seed,kadapa,2019,rabi,65,33.65,233.35,432.6,0.78
gram,kadapa,2019,rabi,90675,33.65,233.35,432.6,1.28
moong(green_gram),kadapa,2019,rabi,2836,33.65,233.35,432.6,0.98
safflower,kadapa,2019,rabi,117,33.65,233.35,432.6,0.49
sunflower,kadapa,2019,rabi,4012,33.65,233.35,432.6,1.1
cotton,krishna,2019,kharif,48423,30.93,336.84,622.9,0.78
groundnut,krishna,2019,kharif,870,30.93,336.84,622.9,4.15
maize,krishna,2019,kharif,3981,30.93,336.84,622.9,5.28
rice,krishna,2019,kharif,243863,30.93,336.84,622.9,3.88
turmeric,krishna,2019,kharif,2845,30.93,336.84,622.9,12.0
gram,krishna,2019,rabi,3805,30.93,336.84,622.9,2.19
moong(green_gram),krishna,2019,rabi,3970,30.93,336.84,622.9,1.06
sunflower,krishna,2019,rabi,15,30.93,336.84,622.9,1.0
bajra,kurnool,2019,kharif,6529,28.75,284.85,628.9,2.28
cotton,kurnool,2019,kharif,274620,28.75,284.85,628.9,0.56
groundnut,kurnool,2019,kharif,79542,28.75,284.85,628.9,1.57
maize,kurnool,2019,kharif,30737,28.75,284.85,628.9,5.44
rice,kurnool,2019,kharif,82759,28.75,284.85,628.9,3.98
turmeric,kurnool,2019,kharif,3234,28.75,284.85,628.9,12.0
castor_seed,kurnool,2019,rabi,183,28.75,284.85,628.9,0.97
gram,kurnool,2019,rabi,155952,28.75,284.85,628.9,1.27
moong(green_gram),kurnool,2019,rabi,798,28.75,284.85,628.9,0.98
safflower,kurnool,2019,rabi,87,28.75,284.85,628.9,0.49
sunflower,kurnool,2019,rabi,259,28.75,284.85,628.9,1.05
bajra,prakasam,2019,kharif,7178,27.86,266.6866133,929.8805333,2.3
cotton,prakasam,2019,kharif,45376,27.86,266.6866133,929.8805333,0.49
groundnut,prakasam,2019,kharif,1605,27.86,266.6866133,929.8805333,3.19
maize,prakasam,2019,kharif,1068,27.86,266.6866133,929.8805333,6.96
ragi,prakasam,2019,kharif,33,27.86,266.6866133,929.8805333,1.12
rice,prakasam,2019,kharif,29872,27.86,266.6866133,929.8805333,3.74
turmeric,prakasam,2019,kharif,502,27.86,266.6866133,929.8805333,12.0
castor_seed,prakasam,2019,rabi,671,27.86,266.6866133,929.8805333,0.49
gram,prakasam,2019,rabi,86177,27.86,266.6866133,929.8805333,1.4
moong(green_gram),prakasam,2019,rabi,922,27.86,266.6866133,929.8805333,0.91
safflower,prakasam,2019,rabi,7,27.86,266.6866133,929.8805333,0.43
sunflower,prakasam,2019,rabi,382,27.86,266.6866133,929.8805333,1.07
bajra,spsr_nellore,2019,kharif,173,32.75,315.94,705.3,2.73
cotton,spsr_nellore,2019,kharif,1012,32.75,315.94,705.3,0.43
groundnut,spsr_nellore,2019,kharif,5607,32.75,315.94,705.3,4.11
maize,spsr_nellore,2019,kharif,49,32.75,315.94,705.3,3.73
ragi,spsr_nellore,2019,kharif,22,32.75,315.94,705.3,1.45
rice,spsr_nellore,2019,kharif,16680,32.75,315.94,705.3,3.84
turmeric,spsr_nellore,2019,kharif,182,32.75,315.94,705.3,12.0
gram,spsr_nellore,2019,rabi,10655,32.75,315.94,705.3,1.18
moong(green_gram),spsr_nellore,2019,rabi,4913,32.75,315.94,705.3,0.68
sunflower,spsr_nellore,2019,rabi,33,32.75,315.94,705.3,0.79
bajra,srikakulam,2019,kharif,83,30.86,190.1,1274.3,1.53
cotton,srikakulam,2019,kharif,5712,30.86,190.1,1274.3,0.53
groundnut,srikakulam,2019,kharif,1097,30.86,190.1,1274.3,1.36
maize,srikakulam,2019,kharif,15975,30.86,190.1,1274.3,4.59
ragi,srikakulam,2019,kharif,206,30.86,190.1,1274.3,1.31
rice,srikakulam,2019,kharif,209640,30.86,190.1,1274.3,2.84
turmeric,srikakulam,2019,kharif,253,30.86,190.1,1274.3,12.0
moong(green_gram),srikakulam,2019,rabi,26653,30.86,190.1,1274.3,0.53
sunflower,srikakulam,2019,rabi,304,30.86,190.1,1274.3,1.03
bajra,visakhapatanam,2019,kharif,1057,28.85,131.28,1092.6,1.04
cotton,visakhapatanam,2019,kharif,976,28.85,131.28,1092.6,0.41
groundnut,visakhapatanam,2019,kharif,1551,28.85,131.28,1092.6,1.47
maize,visakhapatanam,2019,kharif,4894,28.85,131.28,1092.6,3.37
ragi,visakhapatanam,2019,kharif,17859,28.85,131.28,1092.6,1.11
rice,visakhapatanam,2019,kharif,96998,28.85,131.28,1092.6,2.38
turmeric,visakhapatanam,2019,kharif,11286,28.85,131.28,1092.6,12.0
gram,visakhapatanam,2019,rabi,82,28.85,131.28,1092.6,1.45
moong(green_gram),visakhapatanam,2019,rabi,2654,28.85,131.28,1092.6,0.38
sunflower,visakhapatanam,2019,rabi,74,28.85,131.28,1092.6,1.03
bajra,vizianagaram,2019,kharif,34,30.78,266.6866133,929.8805333,1.21
cotton,vizianagaram,2019,kharif,12257,30.78,266.6866133,929.8805333,0.44
groundnut,vizianagaram,2019,kharif,980,30.78,266.6866133,929.8805333,1.28
maize,vizianagaram,2019,kharif,18600,30.78,266.6866133,929.8805333,5.35
ragi,vizianagaram,2019,kharif,998,30.78,266.6866133,929.8805333,1.26
rice,vizianagaram,2019,kharif,119381,30.78,266.6866133,929.8805333,3.22
gram,vizianagaram,2019,rabi,121,30.78,266.6866133,929.8805333,1.45
moong(green_gram),vizianagaram,2019,rabi,12470,30.78,266.6866133,929.8805333,0.73
sunflower,vizianagaram,2019,rabi,9,30.78,266.6866133,929.8805333,1.0
cotton,west_godavari,2019,kharif,4856,29.56,529.88,861.1,0.47
groundnut,west_godavari,2019,kharif,1117,29.56,529.88,861.1,2.08
maize,west_godavari,2019,kharif,1922,29.56,529.88,861.1,5.98
rice,west_godavari,2019,kharif,224398,29.56,529.88,861.1,3.79
turmeric,west_godavari,2019,kharif,180,29.56,529.88,861.1,12.0
gram,west_godavari,2019,rabi,4,29.56,529.88,861.1,1.5
moong(green_gram),west_godavari,2019,rabi,7296,29.56,529.88,861.1,1.21
sunflower,west_godavari,2019,rabi,44,29.56,529.88,861.1,0.84
bajra,anantapur,2020,kharif,2427,33.5,96.3,708.8,1.41
cotton,anantapur,2020,kharif,40424,33.5,96.3,708.8,0.87
groundnut,anantapur,2020,kharif,481154,33.5,96.3,708.8,0.47
maize,anantapur,2020,kharif,17529,33.5,96.3,708.8,3.84
ragi,anantapur,2020,kharif,2400,33.5,96.3,708.8,1.69
rice,anantapur,2020,kharif,20037,33.5,96.3,708.8,2.72
castor_seed,anantapur,2020,rabi,64,33.5,96.3,708.8,0.39
gram,anantapur,2020,rabi,87490,33.5,96.3,708.8,0.43
moong(green_gram),anantapur,2020,rabi,1060,33.5,96.3,708.8,0.24
safflower,anantapur,2020,rabi,691,33.5,96.3,708.8,0.51
sunflower,anantapur,2020,rabi,2879,33.5,96.3,708.8,0.44
bajra,chittoor,2020,kharif,3269,27.65,188.55,1418.9,2.76
cotton,chittoor,2020,kharif,28,27.65,188.55,1418.9,2.79
groundnut,chittoor,2020,kharif,122977,27.65,188.55,1418.9,1.04
maize,chittoor,2020,kharif,1493,27.65,188.55,1418.9,2.63
ragi,chittoor,2020,kharif,5503,27.65,188.55,1418.9,1.16
rice,chittoor,2020,kharif,29724,27.65,188.55,1418.9,3.63
moong(green_gram),chittoor,2020,rabi,167,27.65,188.55,1418.9,0.83
sunflower,chittoor,2020,rabi,363,27.65,188.55,1418.9,1.82
bajra,east_godavari,2020,kharif,6,30.59,335.86,1099.1,0.83
cotton,east_godavari,2020,kharif,6962,30.59,335.86,1099.1,2.3
groundnut,east_godavari,2020,kharif,12,30.59,335.86,1099.1,3.42
maize,east_godavari,2020,kharif,681,30.59,335.86,1099.1,2.66
ragi,east_godavari,2020,kharif,326,30.59,335.86,1099.1,1.16
rice,east_godavari,2020,kharif,220431,30.59,335.86,1099.1,2.26
gram,east_godavari,2020,rabi,1675,30.59,335.86,1099.1,1.92
moong(green_gram),east_godavari,2020,rabi,6145,30.59,335.86,1099.1,0.74
sunflower,east_godavari,2020,rabi,139,30.59,335.86,1099.1,2.27
bajra,guntur,2020,kharif,870,30.61,341.54,713.5,1.14
cotton,guntur,2020,kharif,162789,30.61,341.54,713.5,2.82
groundnut,guntur,2020,kharif,434,30.61,341.54,713.5,3.61
maize,guntur,2020,kharif,1119,30.61,341.54,713.5,6.66
rice,guntur,2020,kharif,213628,30.61,341.54,713.5,3.13
castor_seed,guntur,2020,rabi,18,30.61,341.54,713.5,0.83
gram,guntur,2020,rabi,17458,30.61,341.54,713.5,1.9
moong(green_gram),guntur,2020,rabi,29899,30.61,341.54,713.5,1.2
sunflower,guntur,2020,rabi,17,30.61,341.54,713.5,1.18
bajra,kadapa,2020,kharif,2841,34.21,250.34,1012.5,2.51
cotton,kadapa,2020,kharif,15227,34.21,250.34,1012.5,1.03
groundnut,kadapa,2020,kharif,29827,34.21,250.34,1012.5,0.97
maize,kadapa,2020,kharif,699,34.21,250.34,1012.5,2.06
ragi,kadapa,2020,kharif,24,34.21,250.34,1012.5,1.33
rice,kadapa,2020,kharif,36780,34.21,250.34,1012.5,1.91
castor_seed,kadapa,2020,rabi,21,34.21,250.34,1012.5,0.43
gram,kadapa,2020,rabi,106078,34.21,250.34,1012.5,1.15
moong(green_gram),kadapa,2020,rabi,7157,34.21,250.34,1012.5,0.5
safflower,kadapa,2020,rabi,212,34.21,250.34,1012.5,0.52
sunflower,kadapa,2020,rabi,5174,34.21,250.34,1012.5,0.6
cotton,krishna,2020,kharif,47851,31.65,303.08,944.8,2.33
groundnut,krishna,2020,kharif,1079,31.65,303.08,944.8,2.3
maize,krishna,2020,kharif,4322,31.65,303.08,944.8,4.9
rice,krishna,2020,kharif,250926,31.65,303.08,944.8,3.24
gram,krishna,2020,rabi,4194,31.65,303.08,944.8,1.65
moong(green_gram),krishna,2020,rabi,5068,31.65,303.08,944.8,1.08
sunflower,krishna,2020,rabi,9,31.65,303.08,944.8,1.22
bajra,kurnool,2020,kharif,4278,29.5,262.13,470.3,1.37
cotton,kurnool,2020,kharif,275798,29.5,262.13,470.3,3.13
groundnut,kurnool,2020,kharif,93972,29.5,262.13,470.3,1.01
maize,kurnool,2020,kharif,46849,29.5,262.13,470.3,3.88
ragi,kurnool,2020,kharif,1,29.5,262.13,470.3,1.0
rice,kurnool,2020,kharif,83979,29.5,262.13,470.3,2.94
castor_seed,kurnool,2020,rabi,78,29.5,262.13,470.3,0.51
gram,kurnool,2020,rabi,148711,29.5,262.13,470.3,1.19
moong(green_gram),kurnool,2020,rabi,1610,29.5,262.13,470.3,1.08
safflower,kurnool,2020,rabi,47,29.5,262.13,470.3,0.66
sunflower,kurnool,2020,rabi,826,29.5,262.13,470.3,1.2
bajra,prakasam,2020,kharif,9810,28.61,266.6866133,929.8805333,2.91
cotton,prakasam,2020,kharif,32175,28.61,266.6866133,929.8805333,1.38
groundnut,prakasam,2020,kharif,2421,28.61,266.6866133,929.8805333,3.09
maize,prakasam,2020,kharif,1799,28.61,266.6866133,929.8805333,4.23
ragi,prakasam,2020,kharif,19,28.61,266.6866133,929.8805333,1.05
rice,prakasam,2020,kharif,26622,28.61,266.6866133,929.8805333,3.4
castor_seed,prakasam,2020,rabi,235,28.61,266.6866133,929.8805333,0.22
gram,prakasam,2020,rabi,92410,28.61,266.6866133,929.8805333,1.49
moong(green_gram),prakasam,2020,rabi,1077,28.61,266.6866133,929.8805333,1.01
safflower,prakasam,2020,rabi,3,28.61,266.6866133,929.8805333,0.67
sunflower,prakasam,2020,rabi,544,28.61,266.6866133,929.8805333,0.9
bajra,spsr_nellore,2020,kharif,1273,32.55,284.19,1385.3,2.92
cotton,spsr_nellore,2020,kharif,2748,32.55,284.19,1385.3,2.74
groundnut,spsr_nellore,2020,kharif,10636,32.55,284.19,1385.3,4.03
maize,spsr_nellore,2020,kharif,128,32.55,284.19,1385.3,3.56
ragi,spsr_nellore,2020,kharif,68,32.55,284.19,1385.3,1.19
rice,spsr_nellore,2020,kharif,88911,32.55,284.19,1385.3,3.6
gram,spsr_nellore,2020,rabi,10588,32.55,284.19,1385.3,1.39
moong(green_gram),spsr_nellore,2020,rabi,1596,32.55,284.19,1385.3,0.31
sunflower,spsr_nellore,2020,rabi,84,32.55,284.19,1385.3,0.85
bajra,srikakulam,2020,kharif,40,30.5,197.76,952.4,2.25
cotton,srikakulam,2020,kharif,3723,30.5,197.76,952.4,3.62
groundnut,srikakulam,2020,kharif,341,30.5,197.76,952.4,1.3
maize,srikakulam,2020,kharif,14955,30.5,197.76,952.4,3.17
ragi,srikakulam,2020,kharif,138,30.5,197.76,952.4,1.14
rice,srikakulam,2020,kharif,195124,30.5,197.76,952.4,2.59
moong(green_gram),srikakulam,2020,rabi,19969,30.5,197.76,952.4,0.47
sunflower,srikakulam,2020,rabi,303,30.5,197.76,952.4,1.26
bajra,visakhapatanam,2020,kharif,1214,29.57,156.85,1210.4,0.96
cotton,visakhapatanam,2020,kharif,810,29.57,156.85,1210.4,0.81
groundnut,visakhapatanam,2020,kharif,1385,29.57,156.85,1210.4,2.11
maize,visakhapatanam,2020,kharif,4690,29.57,156.85,1210.4,3.19
ragi,visakhapatanam,2020,kharif,16528,29.57,156.85,1210.4,1.04
rice,visakhapatanam,2020,kharif,102722,29.57,156.85,1210.4,2.43
moong(green_gram),visakhapatanam,2020,rabi,2961,29.57,156.85,1210.4,0.38
sunflower,visakhapatanam,2020,rabi,108,29.57,156.85,1210.4,1.2
bajra,vizianagaram,2020,kharif,31,30.41,266.6866133,929.8805333,0.97
cotton,vizianagaram,2020,kharif,10070,30.41,266.6866133,929.8805333,2.13
groundnut,vizianagaram,2020,kharif,470,30.41,266.6866133,929.8805333,1.21
maize,vizianagaram,2020,kharif,18386,30.41,266.6866133,929.8805333,4.01
ragi,vizianagaram,2020,kharif,908,30.41,266.6866133,929.8805333,1.43
rice,vizianagaram,2020,kharif,108497,30.41,266.6866133,929.8805333,2.86
gram,vizianagaram,2020,rabi,84,30.41,266.6866133,929.8805333,1.55
moong(green_gram),vizianagaram,2020,rabi,12127,30.41,266.6866133,929.8805333,0.5
safflower,vizianagaram,2020,rabi,2,30.41,266.6866133,929.8805333,0.5
sunflower,vizianagaram,2020,rabi,15,30.41,266.6866133,929.8805333,1.2
cotton,west_godavari,2020,kharif,4770,30.39,444.72,1053.9,1.63
groundnut,west_godavari,2020,kharif,816,30.39,444.72,1053.9,2.76
maize,west_godavari,2020,kharif,1361,30.39,444.72,1053.9,3.75
rice,west_godavari,2020,kharif,223249,30.39,444.72,1053.9,2.56
gram,west_godavari,2020,rabi,2,30.39,444.72,1053.9,1.5
moong(green_gram),west_godavari,2020,rabi,5247,30.39,444.72,1053.9,1.31
sunflower,west_godavari,2020,rabi,31,30.39,444.72,1053.9,2.13
